,scheme_table
Table 2,215
Table 3,111
Table 1,91
table 2,78
Table 4,62
table 3,54
table 1,40
table.2,34
Scheme 2,31
table.1,25
table3,25
Table 1 ,25
table 5,21
table1,19
table4,18
table.3,17
Scheme 3,16
scheme 1,15
table 4,13
table2,10
scheme 3,8
Table 5,6
S1,4
table.20,1
table.18,1
table.19,1
scheme.2,1
table.16,1
Scheme 1,1
table.17,1
table.15,1
scheme.3,1
table.5,1
scheme.4,1
scheme.5,1
scheme.6,1
scheme.7,1
scheme.8,1
table.4,1
table.6,1
table.14,1
table.7,1
table.8,1
table.10,1
table.11,1
table.12,1
table.13,1
table.9,1
